Decor	93574
Makeup	21107
Dermatologist Recommended	1235
Premium Makeup	4994
New Baby Products	2895
Cough Cold and Flu medicine	1171
Alcohol	820
Weight Loss	972
Dietary & Lifestyle Shop	2982
Food Gifts	487
Premium Tools & Brushes	74
Renewable Energy	2
Wedding Shop	378
FSA and HSA Shop	31
Gap Home at Walmart	28
Every Man Jack	21
OTC Hearing Aids	2
Mardi Gras Party Supplies	6
Soccer Party Supplies	1
Tie Dye Party Supplies	1
Wanda June Home	0
Clean Living Baby Products	1
Shaving	4894
Vitamins and Supplements	14895
Laundry	2277
Household Essentials by Brand	2245
Protein	2661
Seasonal Grocery	161
CPAP Products	285
Travel Size Toiletries & Kits	103
Hot Tubs	4
Used baby gear	22
Fisher Price baby gear	19
Metal Working & Cutting Tools	1
Fisher Price Toddler	4
AAPI Heritage Month	12
Snap Formula & Baby Food	6
Queer Eye at Walmart	2
Equate OTC Medicine	0
Premium Skincare	2939
Fragrances	7274
Diapering	3313
Occupational Health & Safety Products	28
Food Service Equipment & Supplies	593
Pain Relievers	799
Iridescent Party Supplies	4
Daycare & Preschool Essentials	447
Family Planning	120
Sports Medicine & Injury Recovery Solution	1349
Wonder Woman Party Supplies	2
Saunas	1
Marvel Party Supplies	1
Ladybug Party Supplies	1
Fairy Party Supplies	0
Premium Hair Care	5279
Baking	8110
Premium Bath & Body	1578
Garden Center	239
Live Plants	23
Personal Care Gift Sets	80
Wallpaper, Wall Decals & Wall Coverings	34
Diabetes Care	175
Baby Safety Guide	50
Restock & Save On Hair Care	151
Valentine's Day	17
Llama Party Supplies	3
Day of the Dead Party Supplies	1
Meat & Seafood	572
Hair Care	20409
Quit Smoking	213
Premium Hair Tools & Accessories	244
Luggage	836
Featured Shops	468
Outdoor Lighting	126
Beauty Wellness	175
Premium Makeup Sets	5
Faucets	49
Walmart Exclusive	19
Kitchen Cleaning Supplies	17
Meal Delivery Services	12
Golf Party Supplies	4
Premium Facial Skincare	2
Comfort food	3
Avengers Party Supplies	5
Children's Health Shop	2
Back to College Household Essentials	1
Laxatives	1
Pirate Party Supplies	1
Galaxy Party Supplies	3
Fiesta Supplies	1
Personal Care by Brand	1483
Communities to Support	460
Feminine Care	1928
Paint	29
Shop by Brand	151
Heating, Cooling, & Air Quality	205
Feeding	5874
Beauty Gift Ideas	265
Birthday Shop	69
Festival Beauty	10
Premium Beauty Valentines Day Gifting	5
SpongeBob Party Supplies	3
Travel Size Beauty	1951
Clearance Patio & Garden	2015
Bath & Body	17420
Here for Every Beauty	6304
Bakery & Bread	1511
Baby Summer Products	150
Pregnancy and Maternity	49
Back to College Health Essentials	67
headache hats	0
Must-have COVID-19 Supplies	39
Batman Party Supplies	2
The Very Hungry Caterpillar Party Supplies	1
Premium Hair Care & Hair Tools	3447
Oral Care	5550
Ear Care	339
Halloween	179
Mens Health	28
Healthy Benefits Plus 2022	27
Wall Stickers & Coverings	6
LOL Surprise Party Supplies	5
Weather Stations	4
Scooby-Doo Party Supplies	1
WWE Party Supplies	2
Garage & Storage	98
Batteries	3500
Wellness	243
Sound Machines	57
Jungle Safari Party Supplies	5
Transformers Party Supplies	2
Fall Party Decorations	2
Shark Party Supplies	6
Hanukkah	3
Acid Reflux	1
Betr Remedies	0
Men's Essentials	3035
Nail Care	3890
Baby Shark Party Supplies	4
FSA and HSA Store	225
Caregiver	156
Featured Brands	1647
Healthy Benefits Plus 2020	40
Premium Party Shop	10
Clearance on Health Beauty Wellness & Personal Care	62
Diabetes Care Brands	122
The Nightmare Before Christmas Party Supplies	6
Outdoor Heating	6
Black Panther Party Supplies	0
Bunny Party Supplies	1
Food Gifts & Flowers Shop	0
Health & Wellness Private Brands	0
Bubble Skincare	0
Incontinence	3841
BeautySpaceNK	32
Sexual Wellness Top Brands	846
Halloween Beauty	188
Car Seats	767
Weight Management	808
All Industrial	21
Nausea Medicine	7
Beautiful by Drew Barrymore	1
Test, Measure, and Inspect	1
Seasonal Beauty	963
Cleaning Supplies	6339
Organic Shop	166
All Food	186
Pineapple Party Supplies	1
Equate	212
Humana Over-The-Counter-Allowance	264
Wilton Baking Supplies	107
Hardware	83
2-in-1 Hair and Body Care	63
Healthy Benefits Plus 2023	62
Farmhouse Party Supplies	11
Viral Beauty Products	40
Fortnite Party Supplies	4
Sheds & Outdoor Storage	26
Train Party Supplies	2
Clearance and Rollback Beauty Products	35
Tea Party Party Supplies	10
Monster Jam Party Supplies	0
The Curl Shop	993
Kitchen & Dining	37854
Bedroom Safety & Aids	176
Probiotics	302
Appliances	10455
Built for Better	164
Children's Health	218
Mother's Day	68
Greeting Cards	15
Best Beauty Gift Ideas	0
Thor Party Supplies	1
Breakfast & Cereal	3279
Lighters	796
Allergy and Sinus	539
Nursery & Decor	4906
Restock Wellness Essentials	12
Beauty SpaceNK	88
Fisher-Price Baby Health & Safety	8
Princess Party Supplies	5
Loved by influencers	2
Clear Bags	70
Drain & Septic Care	2
Prideful	0
Fisher Price Bath and Potty	6
Barbie Party Supplies	2
Gift Wrap Supplies	2
Game Time Food	3
Mickey Mouse Party Supplies	1
Science Education	1
Skin Care	7907
Womens Hair Accessories	424
Shop by Baby Brand	205
Vision Centers	3323
Beauty by Top Brands	12386
Women's Health	308
Healthy Food Benefits	15
LEGO Birthday	1
Bath & Potty	48
Festival Hair Color	23
Parent's Choice Baby Products	4
Bluey Birthday Party Supplies	3
Superhero Party Supplies	2
Angry Birds Party Supplies	0
Windows & Window Supplies	1
Vitamins & Supplements	17197
Baby Activities & Gear	1328
Sun Care	146
Premium K-Beauty	469
Heart Health	16
Specialty medicine	72
Easter Party Supplies	22
Home Safety	16
Hello Bello	0
Harry Potter Party Supplies	2
Voost	3
Kids' Rooms	6562
New Year New You	548
Fresh Produce	349
Immune Support	177
Premium Professional Skin Care	59
Building Materials	37
Hollywood Party Supplies	3
Airplanes Party Supplies	1
Dinosaur Party Supplies	3
Spiderman Party Supplies	1
Camouflage Party Supplies	3
Father's Day Party Supplies	15
Allswell	2
Baptism Party Supplies	1
Minnie Mouse Party Supplies	2
Twinkle Little Star Party Supplies	2
Our Promise	0
Furniture	51771
Beverages	15032
Men's Grooming	60
Sunscreen	938
Beauty Best Sellers	834
Nature's Bounty	98
New Arrivals	206
Valentine's Day Party Supplies	56
Ladders and Step Stools	62
Minecraft Party Supplies	2
My Little Pony Party Supplies	2
Football Party Supplies	4
Moana Party Supplies	1
Pokemon Party Supplies	1
Snacks, Cookies & Chips	15496
Pest Control	441
Black Owned Beauty Brands	964
Shop By Price	564
Emergency Prep	1094
Protein & Fitness	75
Easter	52
Face Masks	101
Shop by Style	6
Sports Party Supplies	5
Superman Party Supplies	1
Coffee	7661
Foot Care	3099
Bedding	1335
Tools	92
Baby Best Sellers	3
Sleep & Snoring Aids	221
All Agriculture	5
Candles & Toppers	6
Motion Sickness & Nausea	1
Diabetes Management	1153
Massage	1823
Digestive Health	321
Fiber Supplements	342
Spa & Relaxation	52
Disney Baby	17
Super Mario Party Supplies	2
Exclusives	31
Donut Party Supplies	1
Panda Party Supplies	4
Weatherproofing	3
Fire Truck Party Supplies	1
Super Mario Bros Party Supplies	1
Tangled Party Supplies	0
Bathroom Renovation	1560
Health & Safety	3116
Protein and Fitness	1529
Kitchen Renovation	77
Back to School	32
Shop Party Supplies by Brand	2
New & Trending Keto	8
Flooring	6
Back to College Beauty	0
Baby & Toddler Toys	2330
Stomach Pain	2187
Janitorial & Sanitation Supplies	191
Beauty Holiday Gifts	91
Grills & Outdoor Cooking	194
Allergy Medicine	872
Inclusive Beauty	506
Outdoor Power Equipment	19
marchmadness	1
Personalized Gifts	9
Galentines Day	29
Health Holiday Gifts	62
Cake, Baking & Pastry Supplies	261
Dr. Squatch	12
@ Manual Shelves - Personal Care	5
All Commercial	1
Retirement Party Supplies	4
Safety Equipment and Gear	5
Despicable Me Party Supplies	2
Dora the Explorer Party Supplies	0
Gift Sets	1
Bath	13839
Pain management	2337
Premium Men's Grooming	1678
Candy	11817
Beauty by Topic	1353
Patio Furniture	117
Aromatherapy	3127
Medical & Dental	822
Baby New Arrivals	40
Healthy Options Allowance	8
Back to School Health Essentials	37
Baby Savings	38
New Food Items	75
Infant Activity Toys	5
Munchkin	7
Paw Patrol	2
Deli	579
Air Fresheners	1426
At Home Beauty	156
Kids Health Shop	308
Light Therapy	78
Unicorn Party Supplies	11
Luau Party Supplies	10
Genexa	3
Paris Party Supplies	4
Lip Care	961
Dairy & Eggs	1662
Spring Break Beauty	11
Frozen Beauty	40
Outdoor Shade	23
Baby Gift Ideas	27
Themed Party Supplies	34
Baby Shower Gifts	228
Electrical	70
Frozen Party Supplies	4
Winnie the Pooh Party Supplies	1
Power Rangers Party Supplies	2
Casino Party Supplies	2
Luggage & Travel	1
Condiments, Sauces & Spices	1
Sexual Wellness	1670
Holiday Decor	1458
Lab Equipment	343
Medicine Cabinet Must Haves	214
Patio & Outdoor Decor	495
Sustainable Home	21
Vampirina Party Supplies	1
Fisher Price Infant Activity	15
Blue's Clues Party Supplies	3
Telescopes and Microscopes	7
Beauty Gifts	2
Headaches	4
Basketball Party Supplies	1
Video Game Party Supplies	3
Party City	1
Private Brands Immunity	1
Pain Management	2
Men's Personal Care	929
Frozen Foods	1300
Bathroom Cleaning Supplies	441
Christmas Trees & Christmas Decor	505
First Aid	5095
Eye Care	1140
Carnival Party Supplies	0
Shop by Skin Concern and Type	26
Doors and Gates	11
Rainbow Party Supplies	3
Premium Fragrance	4976
Pantry	29734
Mother's Day Party Supplies	801
Teens' Rooms	680
Superfoods & Cleanses	634
Premium Beauty Tech & Skin Devices	160
Baby Travel Essentials	16
Premium Featured Shops	25
Travel & Guest Ready	21
Deodorants & Antiperspirants	0
Cactus Party Supplies	0
Sesame Street Party Supplies	2
Jurassic World Party Supplies	1
Paper & Plastic	5408
Home Health Care	9979
Valentines Day Beauty Gifts	168
Toddlers' Room	1732
OTC Network	93
Cold Weather Skincare	36
Ballerina Party Supplies	1
Meal Solutions, Grains & Pasta	31
The Lion King Party Supplies	1
Thanksgiving Party Supplies	23
Earth Day	26
Store Fixtures & Equipment	45
JoJo Siwa Party Supplies	1
Baby Gear	2
Strollers	848
International Food	99
Medicine Cabinet	1906
Premium Beauty	360
Grab & Go	264
Farm & Ranch	22
Flamingo Party Supplies	5
Baseball Party Supplies	6
Spirit Riding Free Party Supplies	3
Women's Wellness	5
Hello Kitty Party Supplies	1
Disney Party Supplies	2
Nerf Party Supplies	1
Storage & Organization	2066
Party Supplies	1926
Vitamins	139
Keto Diet	202
Water Purification	49
Shoe Care & Repair	20
Sleep Better	28
Tile	5
Plaid Party Supplies	12
Sonic Party Supplies	2
Cinco de Mayo Party Supplies	2
Mermaid Party Supplies	2
Pioneer Woman Party Supplies	0
Toy Story Party Supplies	1
